"Status","Start Time","Stop Time","Duration in ms","Parent Suite","Suite","Sub Suite","Test Class","Test Method","Name","Description"
"passed","Wed Oct 07 11:03:27 MSK 2026","Wed Oct 07 11:03:32 MSK 2026","4648","","ru.stellar.tests.ConstructorTest","","ru.stellar.tests.ConstructorTest","switchToFillingsTest","Переход к разделу «Начинки»","Проверяем, что при клике на таб «Начинки» он становится активным"
"passed","Wed Oct 07 11:03:34 MSK 2026","Wed Oct 07 11:03:37 MSK 2026","3018","","ru.stellar.tests.ConstructorTest","","ru.stellar.tests.ConstructorTest","switchToBunsTest","Переход к разделу «Булки»","Проверяем, что при клике на таб «Булки» он становится активным"
"passed","Wed Oct 07 11:03:32 MSK 2026","Wed Oct 07 11:03:34 MSK 2026","2364","","ru.stellar.tests.ConstructorTest","","ru.stellar.tests.ConstructorTest","switchToSaucesTest","Переход к разделу «Соусы»","Проверяем, что при клике на таб «Соусы» он становится активным"
"passed","Wed Oct 07 11:03:58 MSK 2026","Wed Oct 07 11:04:01 MSK 2026","2864","","ru.stellar.tests.RegistrationTest","","ru.stellar.tests.RegistrationTest","shortPasswordErrorTest","Ошибка при вводе пароля короче 6 символов","При вводе пароля из 5 символов отображается сообщение об ошибке"
"passed","Wed Oct 07 11:04:01 MSK 2026","Wed Oct 07 11:04:05 MSK 2026","3799","","ru.stellar.tests.RegistrationTest","","ru.stellar.tests.RegistrationTest","successRegistrationTest","Успешная регистрация нового пользователя","После регистрации пользователь может войти с теми же данными"
"passed","Wed Oct 07 11:03:54 MSK 2026","Wed Oct 07 11:03:58 MSK 2026","4360","","ru.stellar.tests.LoginTest","","ru.stellar.tests.LoginTest","loginViaPersonalAccountButtonTest","Вход через кнопку «Личный кабинет»","Проверяем вход через ссылку на личный кабинет"
"passed","Wed Oct 07 11:03:37 MSK 2026","Wed Oct 07 11:03:45 MSK 2026","7882","","ru.stellar.tests.LoginTest","","ru.stellar.tests.LoginTest","loginViaRegisterPageTest","Вход через кнопку в форме регистрации","Проверяем вход через ссылку «Войти» на странице регистрации"
"passed","Wed Oct 07 11:03:49 MSK 2026","Wed Oct 07 11:03:54 MSK 2026","4155","","ru.stellar.tests.LoginTest","","ru.stellar.tests.LoginTest","loginViaForgotPasswordPageTest","Вход через кнопку в форме восстановления пароля","Проверяем вход через ссылку «Войти» на странице восстановления пароля"
"passed","Wed Oct 07 11:03:45 MSK 2026","Wed Oct 07 11:03:49 MSK 2026","4106","","ru.stellar.tests.LoginTest","","ru.stellar.tests.LoginTest","loginViaMainPageButtonTest","Вход через кнопку «Войти в аккаунт» на главной","Проверяем вход через кнопку на главной странице"
